Abomasnow, Ice/Grass, Abra, Psychic, Absol, Dark, Aerodactyl, Rock/Flying, Aggron, Steel/Rock, Aipom, Normal, Alakazam, Psychic, Altaria, Flying/Dragon, Ambipom, Normal, Ampharos, Electric,  Anorith, Bug/Rock, Arbok, Poison, Arcanine, Fire, Arceus, Normal, Ariados, Bug/Poison, Armaldo, Bug/Rock, Aron, Steel/Rock, Articuno, Ice/Flying, Azelf, Psychic, Azumarill, Water/Fairy, Azurill, Water/Fairy, Bagon, Dragon, Baltoy, Psychic/Ground, Banette, Ghost, Barboach, Water/Ground, Bastiodon, Steel/Rock, Bayleef, Grass, Beautifly, Bug/Flying, Beedrill, Bug/Poison, Beldum, Psychic/Steel, Bellossom, Grass, Bellsprout, Grass, Bibarel, Normal/Water, Bidoof, Normal/Water, Blastoise, Water, Blaziken, Fighting/Fire, Blissey, Normal, Bonsly, Rock, Breloom, Fighting/Grass, Bronzong, Psychic/Steel, Bronzor, Psychic/Steel, Budew, Grass/Poison, Buizel, Water, Bulbasaur, Grass, Buneary, Normal, Burmy, Bug, Butterfree, Bug/Flying, Cacnea, Grass, Cacturne, Dark/Grass, Camerupt, Fire/Ground, Carnivine, Grass, Carvanha, Dark/Water, Cascoon, Bug, Castform, Normal, Caterpie, Bug, Celebi, Psychic/Grass, Chansey, Normal, Charizard, Fire/Flying, Charmander, Fire, Charmeleon, Fire, Chatot, Flying/Normal, Cherrim, Grass, Cherubi, Grass, Chikorita, Grass, Chimchar, Fire, Chimecho, Psychic, Chinchou, Electric/Water, Chingling, Psychic, Clamperl, Water, Claydol, Psychic/Ground, Clefable, Fairy, Clefairy, Fairy, Cleffa, Fairy, Cloyster, Water/Ice, Combee, Bug/Flying, Combusken, Fire/Fighting, Corphish, Water, Corsola, Water/Rock, Cradily, Grass/Rock, Cranidos, Rock, Crawdaunt, Water/Dark, Cresselia, Psychic, Croagunk, Poison/Fighting, Crobat, Fighting/Poison, Croconaw, Water, Cubone, Ground, Cyndaquil, Fire, Darkrai, Dark, Delcatty, Normal, Delibird, Flying/Ice, Deoxys, Psychic, Dewgong, Water/Ice, Dialga, Steel/Dragon, Diglett, Ground, Ditto, Normal, Dodrio, Flying/Normal, Doduo, Flying/Normal, Donphan, Ground, Dragonair, Dragon, Dragonite, Flying/Dragon, Drapion, Dark/Poison, Dratini, Dragon, Drifblim, Ghost/Flying, Drifloon, Ghost/Flying, Drowzee, Psychic, Dugtrio, Ground/Steel, Dunsparce, Normal, Dusclops, Ghost, Dusknoir, Ghost, Duskull, Ghost, Dustox, Bug/Poison, Eevee, Normal, Ekans, Poison, Electabuzz, Electric, Electivire, Electric, Electrike, Electric, Electrode, Electric, Elekid, Electric, Empoleon, Water/Steel, Entei, Fire, Espeon, Psychic, Exeggcute, Psychic/Grass, Exeggutor, Psychic/Grass, Exploud, Normal, Farfetch’d, Flying/Normal, Fearow, Flying/Normal, Feebas, Water, Feraligatr, Water, Finneon, Water, Flaaffy, Electric, Flareon, Fire, Floatzel, Water, Flygon, Ground/Dragon, Forretress, Bug/Steel, Froslass, Ice/Ghost, Furret, Normal, Gabite, Ground/Dragon, Gallade, Psychic/Fighting, Garchomp, Ground/Dragon, Gardevoir, Psychic/Fairy, Gastly, Poison/Ghost, Gastrodon, Water/Ground, Gengar, Poison/Ghost, Geodude, Ground/Rock, Gible, Ground/Dragon, Girafarig, Psychic/Normal, Giratina, Ghost/Dragon, Glaceon, Ice, Glalie, Ice, Glameow, Normal, Gligar, Flying/Ground, Gliscor, Flying/Ground, Gloom, Grass/Poison, Golbat, Flying/Poison, Goldeen, Water, Golduck, Water, Golem, Ground/Rock, Gorebyss, Water, Granbull, Fairy, Graveler, Ground/Rock, Grimer, Poison, Grotle, Grass, Groudon, Ground, Grovyle, Grass, Growlithe, Fire, Grumpig, Psychic, Gulpin, Poison, Gyarados, Water/Flying, Happiny, Normal, Hariyama, Fighting, Haunter, Poison/Ghost, Heatran, Fire/Steel, Heracross, Bug/Fighting, Hippopotas, Ground, Hippowdon, Ground, Hitmonchan, Fighting, Hitmonlee, Fighting, Hitmontop, Fighting, Ho-Oh, Fire/Flying, Honchkrow, Dark/Flying, Hoothoot, Flying/Normal, Hoppip, Grass/Flying, Horsea, Water, Houndoom, Dark/Fire, Houndour, Dark/Fire, Huntail, Water, Hypno, Psychic, Igglybuff, Fairy/Normal, Illumise, Bug, Infernape, Fighting/Fire, Ivysaur, Grass/Poison, Jigglypuff, Fairy/Normal, Jirachi, Psychic/Steel, Jolteon, Electric, Jumpluff, Grass/Flying, Jynx, Psychic/Ice, Kabuto, Water/Rock, Kabutops, Water/Rock, Kadabra, Psychic, Kakuna, Bug/Poison, Kangaskhan, Normal, Kecleon, Normal, Kingdra, Water/Dragon, Kingler, Water, Kirlia, Psychic/Fairy, Koffing, Poison, Krabby, Water, Kricketot, Bug, Kricketune, Bug, Kyogre, Water, Lairon, Steel/Rock, Lanturn, Water/Electric, Lapras, Ice/Water, Larvitar, Ground/Rock, Latias, Psychic/Dragon, Latios, Psychic/Dragon, Leafeon, Grass, Ledian, Bug/Flying, Ledyba, Bug/Flying, Lickilicky, Normal, Lickitung, Normal, Lileep, Grass/Rock, Linoone, Normal, Lombre, Grass/Water, Lopunny, Normal, Lotad, Grass/Water, Loudred, Normal, Lucario, Fighting/Steel, Ludicolo, Grass/Water, Lugia, Psychic/Flying, Lumineon, Water, Lunatone, Psychic/Rock, Luvdisc, Water, Luxio, Electric, Luxray, Electric, Machamp, Fighting, Machoke, Fighting, Machop, Fighting, Magby, Fire, Magcargo, Fire/Rock, Magikarp, Water, Magmar, Fire, Magmortar, Fire, Magnemite, Electric/Steel, Magneton, Electric/Steel, Magnezone, Steel/Electric, Makuhita, Fighting, Mamoswine, Ice/Ground, Manaphy, Water, Manectric, Electric, Mankey, Fighting, Mantine, Water/Flying, Mantyke, Water/Flying, Mareep, Electric, Marill, Water/Fairy, Marowak, Ground, Marshtomp, Water/Ground, Masquerain, Bug/Flying, Mawile, Steel/Fairy, Medicham, Psychic/Fighting, Meditite, Psychic/Fighting, Meganium, Grass, Meowth, Normal, Mesprit, Psychic, Metagross, Psychic/Steel, Metang, Psychic/Steel, Metapod, Bug, Mew, Psychic, Mewtwo, Psychic, Mightyena, Dark, Milotic, Water, Miltank, Normal, Mime Jr., Psychic/Fairy,  Minun, Electric, Misdreavus, Ghost, Mismagius, Ghost, Moltres, Flying/Fire, Monferno, Fighting/Fire, Mothim, Bug/Flying, Mr. Mime, Psychic/Fairy, Mudkip, Water, Muk, Poison, Munchlax, Normal, Murkrow, Dark/Flying, Natu, Psychic/Flying, Nidoking, Poison/Ground, Nidoqueen, Poison/Ground, Nidoran, Poison, Nidorina, Poison, Nidorino, Poison, Nincada, Bug/Ground, Ninetales, Fire,  Ninjask, Bug/Flying, Noctowl, Flying/Normal, Nosepass, Rock, Numel, Fire/Ground, Nuzleaf, Dark/Grass, Octillery, Water, Oddish, Grass/Poison, Omanyte, Water/Rock, Omastar, Water/Rock, Onix, Ground/Rock, Pachirisu, Electric, Palkia, Water/Dragon, Paras, Bug/Grass, Parasect, Bug/Grass, Pelipper, Flying/Water, Persian, Normal, Phanpy, Ground, Phione, Water, Pichu, Electric, Pidgeot, Flying/Normal, Pidgeotto, Flying/Normal, Pidgey, Flying/Normal, Pikachu, Electric, Piloswine, Ice/Ground, Pineco, Bug, Pinsir, Bug, Piplup, Water, Plusle, Electric, Politoed, Water, Poliwag, Water, Poliwhirl, Water, Poliwrath, Water/Fighting, Ponyta, Fire, Poochyena, Dark, Porygon, Normal, Porygon-Z, Normal, Porygon2, Normal, Primeape, Fighting, Prinplup, Water, Probopass, Steel/Rock, Psyduck, Water, Pupitar, Ground/Rock, Purugly, Normal, Quagsire, Water/Ground, Quilava, Fire, Qwilfish, Poison/Water, Raichu, Electric, Raikou, Electric, Ralts, Psychic/Fairy, Rampardos, Rock, Rapidash, Fire, Raticate, Normal, Rattata, Normal, Rayquaza, Flying/Dragon, Regice, Ice, Regigigas, Normal, Regirock, Rock, Registeel, Steel, Relicanth, Water/Rock, Remoraid, Water, Rhydon, Ground/Rock, Rhyhorn, Ground/Rock, Rhyperior, Ground/Rock, Riolu, Fighting, Roselia, Grass/Poison, Roserade, Grass/Poison, Rotom, Electric/Ghost, Sableye, Dark/Ghost, Salamence, Flying/Dragon, Sandshrew, Ground, Sandslash, Ground, Sceptile, Grass, Scizor, Bug/Steel, Scyther, Bug/Flying, Seadra, Water, Seaking, Water, Sealeo, Ice/Water, Seedot, Grass, Seel, Water, Sentret, Normal, Seviper, Poison, Sharpedo, Dark/Water, Shaymin, Grass, Shedinja, Bug/Ghost, Shelgon, Dragon, Shellder, Water, Shellos, Water, Shieldon, Steel/Rock, Shiftry, Dark/Grass, Shinx, Electric, Shroomish, Grass, Shuckle, Bug/Rock, Shuppet, Ghost, Silcoon, Bug, Skarmory, Flying/Steel, Skiploom, Grass/Flying, Skitty, Normal, Skorupi, Bug/Poison, Skuntank, Dark/Poison, Slaking, Normal, Slakoth, Normal, Slowbro, Psychic/Water, Slowking, Psychic/Water, Slowpoke, Psychic/Water, Slugma, Fire, Smeargle, Normal, Smoochum, Psychic/Ice, Sneasel, Dark/Ice, Snorlax, Normal, Snorunt, Ice, Snover, Ice/Grass, Snubbull, Fairy, Solrock, Psychic/Rock, Spearow, Flying/Normal, Spheal, Ice/Water, Spinarak, Bug/Poison, Spinda, Normal, Spiritomb, Dark/Ghost, Spoink, Psychic, Squirtle, Water, Stantler, Normal, Staraptor, Flying/Normal, Staravia, Flying/Normal, Starly, Flying/Normal, Starmie, Psychic/Water, Staryu, Water, Steelix, Steel/Ground, Stunky, Dark/Poison, Sudowoodo, Rock, Suicune, Water, Sunflora, Grass, Sunkern, Grass, Surskit, Bug/Water, Swablu, Flying/Normal, Swalot, Poison, Swampert, Water/Ground, Swellow, Flying/Normal, Swinub, Ice/Ground, Taillow, Flying/Normal, Tangela, Grass, Tangrowth, Grass, Tauros, Normal, Teddiursa, Normal, Tentacool, Water/Poison, Tentacruel, Water/Poison, Togekiss, Flying/Fairy, Togepi, Fairy, Togetic, Flying/Fairy, Torchic, Fire, Torkoal, Fire, Torterra, Grass/Ground, Totodile, Water, Toxicroak, Poison/Fighting, Trapinch, Ground, Treecko, Grass, Tropius, Flying/Grass, Turtwig, Grass, Typhlosion, Fire, Tyranitar, Dark/Rock, Tyrogue, Fighting, Umbreon, Dark, Unown, Psychic, Ursaring, Normal, Uxie, Psychic, Vaporeon, Water, Venomoth, Bug/Poison, Venonat, Bug/Poison, Venusaur, Grass/Poison, Vespiquen, Bug/Flying, Vibrava, Ground/Dragon, Victreebel, Grass/Poison, Vigoroth, Normal, Vileplume, Grass/Poison, Volbeat, Bug, Voltorb, Electric, Vulpix, Fire, Wailmer, Water, Wailord, Water, Walrein, Ice/Water, Wartortle, Water, Weavile, Dark/Ice, Weedle, Bug/Poison, Weepinbell, Grass/Poison, Weezing, Poison, Whiscash, Water/Ground, Whismur, Normal, Wigglytuff, Fairy/Normal, Wingull, Flying/Water, Wobbuffet, Psychic, Wooper, Water/Ground, Wormadam, Bug/Grass, Wurmple, Bug, Wynaut, Psychic, Xatu, Psychic/Flying, Yanma, Bug/Flying, Yanmega, Bug/Flying, Zangoose, Normal, Zapdos, Flying/Electric, Zigzagoon, Normal, Zubat, Flying/Poison, 